area_codigo,area_nome,area_curta
00,Programas básicos,Programas básicos
01,Educação,Educação
02,Artes e humanidades,Artes e humanidades
03,"Ciências sociais, comunicação e informação",Ciências sociais
04,"Negócios, administração e direito",Negócios e direito
05,"Ciências naturais, matemática e estatística",Ciências naturais
06,Computação e Tecnologias da Informação e Comunicação (TIC),Computação e TIC
07,"Engenharia, produção e construção",Engenharia
08,"Agricultura, silvicultura, pesca e veterinária",Agricultura e veterinária
09,Saúde e bem-estar,Saúde e bem-estar
10,Serviços,Serviços
