municipio,concluintes,matriculas,part_privada_matriculas,part_ead_concluintes,admissoes,admissoes_superior,part_superior_admissoes,sobrequalificacao,salario_mediano_superior,salario_mediano_medio,vinculos_ativos,part_superior_estoque,premio_salarial,part_concluintes_regiao,part_admissoes_superior_regiao,populacao,part_superior_25mais,taxa_graduacao_18a24
Barueri,2240,13486,0.9079786445202432,0.815625,269411,46913,0.1741317169677556,0.3518001406859506,3883.845,1800.0,397250,0.3759647577092511,2.1576916666666666,0.16476645825671202,0.6412208523550477,316473.0,0.2403511250322725,0.1527092036966704
Cajamar,359,3014,0.9366290643662907,1.0,44444,2610,0.05872558725587256,0.39425287356321836,3600.0,1877.0,58857,0.19972135854698678,1.9179541822056474,0.02640676719382126,0.03567425712801728,92689.0,0.2036014121860166,0.1181753961045514
Carapicuíba,1887,13228,0.837087995161778,0.6634870164281929,22872,1668,0.07292759706190975,0.36630695443645084,3000.0,1873.2,51343,0.3043258087762694,1.6015374759769379,0.1388010297903641,0.022798720647330583,386984.0,0.1544886760450962,0.1104422429729345
Itapevi,744,6241,0.9202050953372857,0.9516129032258065,19650,1856,0.0944529262086514,0.3103448275862069,4193.61,1895.0,46325,0.3232164058283864,2.2129868073878627,0.05472600220669364,0.02536836062436784,232297.0,0.1007290602303167,0.0676659528907922
Jandira,478,3164,0.9026548672566371,1.0,11070,1053,0.0951219512195122,0.3922127255460589,3500.0,1939.0,23976,0.238988988988989,1.8050541516245486,0.03515998528870908,0.014392717530958695,118045.0,0.1697114812218062,0.1367741935483871
Osasco,6380,42746,0.9107518832171432,0.6468652037617555,111165,14859,0.13366617190662528,0.3285550844605963,4110.28,1873.0,230500,0.3442472885032538,2.1944901227976508,0.4692901802133137,0.2030972362701949,728615.0,0.2457073711397862,0.1869785047245399
Pirapora do Bom Jesus,3,26,1.0,1.0,1047,89,0.08500477554918816,0.23595505617977527,3089.27,1903.0,3532,0.19790486976217442,1.623368365738308,0.0002206693637366679,0.001216478499767639,18370.0,0.1077977568096848,0.0518234165067178
Santana de Parnaíba,1504,10984,0.9014930808448652,0.2679521276595745,33675,4114,0.12216778025241277,0.2829363150218765,3376.0,1871.62,70121,0.27773420230744,1.8037849563479766,0.1106289076866495,0.056231376944315355,154105.0,0.3306158875318372,0.1871779428494947
Região (8 municípios),13595,92889,0.8999881579089021,0.6735564545788894,513334,73162,0.14252319152832268,0.3444411033049944,3840.6549999999997,1850.0,881904,0.33672372503129594,2.0760297297297297,1.0,1.0,2047578.0,0.2111265467964061,0.144527158991197
