fatec,municipio,curso,modalidade,area,rotulo_cine,ingressantes_2024,concluintes_2024,concluintes_2020_2024,conclusao_aprox,situacao_2024,area_codigo,concluintes_area_regiao_2024,indice_descompasso_area_2024,ocupacoes_cbo,admissoes_superior_2021,admissoes_superior_2024,admissoes_todas_2024,salario_mediano_superior_2024,vinculos_superior_2024,crescimento_admissoes_2021_2024
Fatec Barueri,Barueri,COMÉRCIO EXTERIOR,Presencial,"Negócios, administração e direito",Comércio exterior,75,94,428,0.5952380952380952,com ingresso,04,6586,2.3604615851806865,3543;1424,257,243,316,7352.0,1397,-0.054474708171206254
Fatec Barueri,Barueri,DESIGN DE MÍDIAS DIGITAIS,Presencial,Computação e Tecnologias da Informação e Comunicação (TIC),Criação digital,14,57,153,0.6358381502890174,com ingresso,06,2316,4.667098445595855,2624;2534,391,493,827,5850.0,1994,0.26086956521739135
Fatec Barueri,Barueri,EVENTOS,Presencial,Serviços,Eventos,26,21,184,0.4,com ingresso,10,362,,3548;1415,132,154,477,4500.0,1680,0.16666666666666674
Fatec Barueri,Barueri,GESTÃO DA TECNOLOGIA DA INFORMAÇÃO,Presencial,Computação e Tecnologias da Informação e Comunicação (TIC),Gestão da tecnologia da informação,84,34,164,0.4966442953020134,com ingresso,06,2316,4.667098445595855,1425;2123;2124,10732,9414,13661,10000.0,39902,-0.12281028699217289
Fatec Barueri,Barueri,GESTÃO DE RECURSOS HUMANOS,Presencial,"Negócios, administração e direito",Gestão de pessoas,0,31,105,0.4225352112676056,sem ingresso em 2024,04,6586,2.3604615851806865,2524;1422,1716,1920,2673,4983.335,7102,0.11888111888111896
Fatec Barueri,Barueri,LOGÍSTICA,Presencial,"Negócios, administração e direito",Logística,1,23,100,0.33,com ingresso,04,6586,2.3604615851806865,3421;2527;1416,1757,2489,5365,6500.0,11811,0.41661923733636885
Fatec Barueri,Barueri,TRANSPORTE TERRESTRE,Presencial,Serviços,Transporte terrestre,76,12,151,0.28688524590163933,com ingresso,10,362,,3421;3423;1416,1366,2157,4886,6839.0,9851,0.5790629575402635
Fatec Carapicuíba,Carapicuíba,ANÁLISE E DESENVOLVIMENTO DE SISTEMAS,Presencial,Computação e Tecnologias da Informação e Comunicação (TIC),Sistemas de informação,203,60,391,0.4281609195402299,com ingresso,06,2316,4.667098445595855,2124;3171,10048,8582,13119,9000.0,33762,-0.1458996815286624
Fatec Carapicuíba,Carapicuíba,DESIGN DE MÍDIAS DIGITAIS,Presencial,Computação e Tecnologias da Informação e Comunicação (TIC),Criação digital,82,27,63,0.2658959537572254,com ingresso,06,2316,4.667098445595855,2624;2534,391,493,827,5850.0,1994,0.26086956521739135
Fatec Carapicuíba,Carapicuíba,JOGOS DIGITAIS,Presencial,Computação e Tecnologias da Informação e Comunicação (TIC),Jogos digitais,168,41,248,0.3273809523809524,com ingresso,06,2316,4.667098445595855,2124;3171,10048,8582,13119,9000.0,33762,-0.1458996815286624
Fatec Carapicuíba,Carapicuíba,LOGÍSTICA,Presencial,"Negócios, administração e direito",Logística,167,59,277,0.39087947882736157,com ingresso,04,6586,2.3604615851806865,3421;2527;1416,1757,2489,5365,6500.0,11811,0.41661923733636885
Fatec Carapicuíba,Carapicuíba,SECRETARIADO,Presencial,"Negócios, administração e direito",Secretariado,83,38,190,0.48554913294797686,com ingresso,04,6586,2.3604615851806865,2523;3515,126,153,388,3550.0,1752,0.2142857142857142
Fatec Carapicuíba,Carapicuíba,SISTEMAS PARA INTERNET,Presencial,Computação e Tecnologias da Informação e Comunicação (TIC),Sistemas para internet,0,0,49,,sem ingresso em 2024,06,2316,4.667098445595855,2124;3171,10048,8582,13119,9000.0,33762,-0.1458996815286624
Fatec Osasco,Osasco,AUTOMAÇÃO INDUSTRIAL,Presencial,"Engenharia, produção e construção",Automação industrial,175,40,249,0.3539518900343643,com ingresso,07,626,2.0670926517571884,3001;3003;3131;2021,160,261,1244,3206.24,941,0.6312500000000001
Fatec Osasco,Osasco,DESENVOLVIMENTO DE SOFTWARE MULTIPLATAFORMA,Presencial,Computação e Tecnologias da Informação e Comunicação (TIC),Programas interdisciplinares abrangendo computação e Tecnologias da Informação e Comunicação (TIC),87,8,17,,com ingresso,06,2316,4.667098445595855,2124;3171,10048,8582,13119,9000.0,33762,-0.1458996815286624
Fatec Osasco,Osasco,GESTÃO FINANCEIRA,Presencial,"Negócios, administração e direito",Gestão financeira,143,13,287,0.29910714285714285,com ingresso,04,6586,2.3604615851806865,2525;2522;1421,2386,2914,4421,5800.0,17980,0.22129086336965642
Fatec Osasco,Osasco,MANUTENÇÃO INDUSTRIAL,Presencial,"Engenharia, produção e construção",Manutenção industrial,67,10,288,0.3409090909090909,com ingresso,07,626,2.0670926517571884,3141;3144;3003,67,147,970,4250.0,519,1.1940298507462686
Fatec Osasco,Osasco,REDES DE COMPUTADORES,Presencial,Computação e Tecnologias da Informação e Comunicação (TIC),Redes de computadores,150,51,296,0.31347962382445144,com ingresso,06,2316,4.667098445595855,2123;3172;3133,1094,1231,3459,4100.0,4547,0.1252285191956124
Fatec Osasco,Osasco,SISTEMAS BIOMÉDICOS,Presencial,"Engenharia, produção e construção",Sistemas biomédicos,81,9,29,,com ingresso,07,626,2.0670926517571884,1427;3132,561,570,1916,2781.72,2101,0.016042780748663166
Fatec Santana de Parnaíba,Santana de Parnaíba,ANÁLISE E DESENVOLVIMENTO DE SISTEMAS,Presencial,Computação e Tecnologias da Informação e Comunicação (TIC),Sistemas de informação,86,35,68,0.3050847457627119,com ingresso,06,2316,4.667098445595855,2124;3171,10048,8582,13119,9000.0,33762,-0.1458996815286624
Fatec Santana de Parnaíba,Santana de Parnaíba,CIÊNCIA DE DADOS,Presencial,Computação e Tecnologias da Informação e Comunicação (TIC),Ciência de dados,90,20,45,0.3435114503816794,com ingresso,06,2316,4.667098445595855,2111;2112;2124,9116,8156,12101,9500.0,33271,-0.10530934620447563
Fatec Santana de Parnaíba,Santana de Parnaíba,GESTÃO COMERCIAL,Presencial,"Negócios, administração e direito",Gestão comercial,85,24,128,0.5535714285714286,com ingresso,04,6586,2.3604615851806865,1423;3541;3542,6932,8492,20029,5500.0,41874,0.22504327755337572
Fatec Santana de Parnaíba,Santana de Parnaíba,SEGURANÇA DA INFORMAÇÃO,Presencial,Computação e Tecnologias da Informação e Comunicação (TIC),Segurança da informação,22,29,61,0.3167701863354037,com ingresso,06,2316,4.667098445595855,2123;2124,9668,8347,12433,9406.8,34737,-0.13663632602399667
Fatec São Paulo (polos EaD),"Cajamar, Carapicuíba",GESTÃO PÚBLICA,EaD,"Negócios, administração e direito",Gestão pública,0,0,79,,sem ingresso em 2024,04,6586,2.3604615851806865,1114;2521,1702,1474,2503,5000.0,9795,-0.13396004700352526
Fatec São Paulo (polos EaD),"Barueri, Carapicuíba, Osasco",PROCESSOS GERENCIAIS,EaD,"Negócios, administração e direito",Gestão de negócios,288,77,191,,com ingresso,04,6586,2.3604615851806865,1421;1423;2521,6296,7682,12181,6716.18,51717,0.2201397712833546
