municipio,area_codigo,grupo_idade,pessoas
3505708,01,Total,4010
3505708,01,25 anos ou mais,3941
3505708,02,Total,2652
3505708,02,25 anos ou mais,2491
3505708,03,Total,3058
3505708,03,25 anos ou mais,2828
3505708,04,Total,21552
3505708,04,25 anos ou mais,20565
3505708,05,Total,1125
3505708,05,25 anos ou mais,1080
3505708,06,Total,4054
3505708,06,25 anos ou mais,3680
3505708,07,Total,6021
3505708,07,25 anos ou mais,5720
3505708,08,Total,299
3505708,08,25 anos ou mais,286
3505708,09,Total,6295
3505708,09,25 anos ou mais,5992
3505708,10,Total,1224
3505708,10,25 anos ou mais,1088
3505708,11,Total,1770
3505708,11,25 anos ou mais,1669
3509205,01,Total,1874
3509205,01,25 anos ou mais,1818
3509205,02,Total,596
3509205,02,25 anos ou mais,582
3509205,03,Total,547
3509205,03,25 anos ou mais,437
3509205,04,Total,5235
3509205,04,25 anos ou mais,4866
3509205,05,Total,378
3509205,05,25 anos ou mais,367
3509205,06,Total,502
3509205,06,25 anos ou mais,465
3509205,07,Total,1547
3509205,07,25 anos ou mais,1374
3509205,08,Total,25
3509205,08,25 anos ou mais,25
3509205,09,Total,1475
3509205,09,25 anos ou mais,1286
3509205,10,Total,200
3509205,10,25 anos ou mais,149
3509205,11,Total,703
3509205,11,25 anos ou mais,685
3510609,01,Total,4585
3510609,01,25 anos ou mais,4349
3510609,02,Total,2647
3510609,02,25 anos ou mais,2407
3510609,03,Total,2221
3510609,03,25 anos ou mais,1953
3510609,04,Total,17307
3510609,04,25 anos ou mais,15741
3510609,05,Total,854
3510609,05,25 anos ou mais,826
3510609,06,Total,3225
3510609,06,25 anos ou mais,2664
3510609,07,Total,3550
3510609,07,25 anos ou mais,3157
3510609,08,Total,207
3510609,08,25 anos ou mais,191
3510609,09,Total,5067
3510609,09,25 anos ou mais,4505
3510609,10,Total,1116
3510609,10,25 anos ou mais,965
3510609,11,Total,2162
3510609,11,25 anos ou mais,1956
3522505,01,Total,2358
3522505,01,25 anos ou mais,2242
3522505,02,Total,1097
3522505,02,25 anos ou mais,1040
3522505,03,Total,561
3522505,03,25 anos ou mais,513
3522505,04,Total,6233
3522505,04,25 anos ou mais,5661
3522505,05,Total,321
3522505,05,25 anos ou mais,297
3522505,06,Total,854
3522505,06,25 anos ou mais,768
3522505,07,Total,1213
3522505,07,25 anos ou mais,1065
3522505,08,Total,102
3522505,08,25 anos ou mais,46
3522505,09,Total,1959
3522505,09,25 anos ou mais,1796
3522505,10,Total,396
3522505,10,25 anos ou mais,344
3522505,11,Total,870
3522505,11,25 anos ou mais,817
3525003,01,Total,1890
3525003,01,25 anos ou mais,1821
3525003,02,Total,974
3525003,02,25 anos ou mais,871
3525003,03,Total,815
3525003,03,25 anos ou mais,746
3525003,04,Total,5183
3525003,04,25 anos ou mais,4743
3525003,05,Total,336
3525003,05,25 anos ou mais,336
3525003,06,Total,852
3525003,06,25 anos ou mais,746
3525003,07,Total,1301
3525003,07,25 anos ou mais,1168
3525003,08,Total,99
3525003,08,25 anos ou mais,87
3525003,09,Total,1596
3525003,09,25 anos ou mais,1476
3525003,10,Total,355
3525003,10,25 anos ou mais,275
3525003,11,Total,599
3525003,11,25 anos ou mais,558
3534401,01,Total,12880
3534401,01,25 anos ou mais,12304
3534401,02,Total,7072
3534401,02,25 anos ou mais,6572
3534401,03,Total,9091
3534401,03,25 anos ou mais,8254
3534401,04,Total,54490
3534401,04,25 anos ou mais,51514
3534401,05,Total,3596
3534401,05,25 anos ou mais,3444
3534401,06,Total,10567
3534401,06,25 anos ou mais,9668
3534401,07,Total,10891
3534401,07,25 anos ou mais,10195
3534401,08,Total,613
3534401,08,25 anos ou mais,589
3534401,09,Total,12440
3534401,09,25 anos ou mais,11149
3534401,10,Total,2274
3534401,10,25 anos ou mais,2009
3534401,11,Total,5482
3534401,11,25 anos ou mais,5118
3539103,01,Total,343
3539103,01,25 anos ou mais,328
3539103,02,Total,81
3539103,02,25 anos ou mais,76
3539103,03,Total,15
3539103,03,25 anos ou mais,15
3539103,04,Total,510
3539103,04,25 anos ou mais,408
3539103,05,Total,28
3539103,05,25 anos ou mais,28
3539103,06,Total,61
3539103,06,25 anos ou mais,44
3539103,07,Total,105
3539103,07,25 anos ou mais,92
3539103,08,Total,7
3539103,08,25 anos ou mais,7
3539103,09,Total,178
3539103,09,25 anos ou mais,156
3539103,10,Total,14
3539103,10,25 anos ou mais,14
3539103,11,Total,42
3539103,11,25 anos ou mais,42
3547304,01,Total,2886
3547304,01,25 anos ou mais,2830
3547304,02,Total,2017
3547304,02,25 anos ou mais,1879
3547304,03,Total,2901
3547304,03,25 anos ou mais,2770
3547304,04,Total,14683
3547304,04,25 anos ou mais,13934
3547304,05,Total,769
3547304,05,25 anos ou mais,738
3547304,06,Total,1603
3547304,06,25 anos ou mais,1453
3547304,07,Total,4774
3547304,07,25 anos ou mais,4532
3547304,08,Total,299
3547304,08,25 anos ou mais,299
3547304,09,Total,3364
3547304,09,25 anos ou mais,3243
3547304,10,Total,477
3547304,10,25 anos ou mais,406
3547304,11,Total,898
3547304,11,25 anos ou mais,886
