municipio,grupo_idade,nivel_frequentado,pessoas
3505708,Total,Total,19918.0
3505708,18 a 24 anos,Total,8115.0
3505708,25 anos ou mais,Total,11803.0
3505708,Total,Superior de graduação,9915.0
3505708,18 a 24 anos,Superior de graduação,4825.0
3505708,25 anos ou mais,Superior de graduação,5090.0
3505708,Total,Especialização,1348.0
3505708,18 a 24 anos,Especialização,144.0
3505708,25 anos ou mais,Especialização,1205.0
3505708,Total,Mestrado,299.0
3505708,18 a 24 anos,Mestrado,
3505708,25 anos ou mais,Mestrado,299.0
3505708,Total,Doutorado,173.0
3505708,18 a 24 anos,Doutorado,22.0
3505708,25 anos ou mais,Doutorado,151.0
3509205,Total,Total,5108.0
3509205,18 a 24 anos,Total,1852.0
3509205,25 anos ou mais,Total,3256.0
3509205,Total,Superior de graduação,2693.0
3509205,18 a 24 anos,Superior de graduação,1171.0
3509205,25 anos ou mais,Superior de graduação,1522.0
3509205,Total,Especialização,407.0
3509205,18 a 24 anos,Especialização,68.0
3509205,25 anos ou mais,Especialização,338.0
3509205,Total,Mestrado,35.0
3509205,18 a 24 anos,Mestrado,
3509205,25 anos ou mais,Mestrado,35.0
3509205,Total,Doutorado,6.0
3509205,18 a 24 anos,Doutorado,
3509205,25 anos ou mais,Doutorado,6.0
3510609,Total,Total,23399.0
3510609,18 a 24 anos,Total,8876.0
3510609,25 anos ou mais,Total,14522.0
3510609,Total,Superior de graduação,9935.0
3510609,18 a 24 anos,Superior de graduação,4660.0
3510609,25 anos ou mais,Superior de graduação,5275.0
3510609,Total,Especialização,1314.0
3510609,18 a 24 anos,Especialização,328.0
3510609,25 anos ou mais,Especialização,986.0
3510609,Total,Mestrado,450.0
3510609,18 a 24 anos,Mestrado,110.0
3510609,25 anos ou mais,Mestrado,340.0
3510609,Total,Doutorado,124.0
3510609,18 a 24 anos,Doutorado,14.0
3510609,25 anos ou mais,Doutorado,111.0
3522505,Total,Total,15409.0
3522505,18 a 24 anos,Total,4933.0
3522505,25 anos ou mais,Total,10476.0
3522505,Total,Superior de graduação,3651.0
3522505,18 a 24 anos,Superior de graduação,1738.0
3522505,25 anos ou mais,Superior de graduação,1913.0
3522505,Total,Especialização,956.0
3522505,18 a 24 anos,Especialização,211.0
3522505,25 anos ou mais,Especialização,745.0
3522505,Total,Mestrado,56.0
3522505,18 a 24 anos,Mestrado,24.0
3522505,25 anos ou mais,Mestrado,32.0
3522505,Total,Doutorado,13.0
3522505,18 a 24 anos,Doutorado,13.0
3522505,25 anos ou mais,Doutorado,
3525003,Total,Total,7581.0
3525003,18 a 24 anos,Total,2986.0
3525003,25 anos ou mais,Total,4595.0
3525003,Total,Superior de graduação,3585.0
3525003,18 a 24 anos,Superior de graduação,1802.0
3525003,25 anos ou mais,Superior de graduação,1782.0
3525003,Total,Especialização,515.0
3525003,18 a 24 anos,Especialização,77.0
3525003,25 anos ou mais,Especialização,438.0
3525003,Total,Mestrado,94.0
3525003,18 a 24 anos,Mestrado,58.0
3525003,25 anos ou mais,Mestrado,36.0
3525003,Total,Doutorado,33.0
3525003,18 a 24 anos,Doutorado,
3525003,25 anos ou mais,Doutorado,33.0
3534401,Total,Total,70007.0
3534401,18 a 24 anos,Total,21944.0
3534401,25 anos ou mais,Total,48064.0
3534401,Total,Superior de graduação,31199.0
3534401,18 a 24 anos,Superior de graduação,13535.0
3534401,25 anos ou mais,Superior de graduação,17663.0
3534401,Total,Especialização,6492.0
3534401,18 a 24 anos,Especialização,766.0
3534401,25 anos ou mais,Especialização,5726.0
3534401,Total,Mestrado,963.0
3534401,18 a 24 anos,Mestrado,49.0
3534401,25 anos ou mais,Mestrado,915.0
3534401,Total,Doutorado,466.0
3534401,18 a 24 anos,Doutorado,23.0
3534401,25 anos ou mais,Doutorado,443.0
3539103,Total,Total,494.0
3539103,18 a 24 anos,Total,241.0
3539103,25 anos ou mais,Total,253.0
3539103,Total,Superior de graduação,245.0
3539103,18 a 24 anos,Superior de graduação,108.0
3539103,25 anos ou mais,Superior de graduação,137.0
3539103,Total,Especialização,25.0
3539103,18 a 24 anos,Especialização,8.0
3539103,25 anos ou mais,Especialização,18.0
3539103,Total,Mestrado,6.0
3539103,18 a 24 anos,Mestrado,
3539103,25 anos ou mais,Mestrado,6.0
3539103,Total,Doutorado,
3539103,18 a 24 anos,Doutorado,
3539103,25 anos ou mais,Doutorado,
3547304,Total,Total,6931.0
3547304,18 a 24 anos,Total,3852.0
3547304,25 anos ou mais,Total,3079.0
3547304,Total,Superior de graduação,4329.0
3547304,18 a 24 anos,Superior de graduação,2797.0
3547304,25 anos ou mais,Superior de graduação,1531.0
3547304,Total,Especialização,564.0
3547304,18 a 24 anos,Especialização,66.0
3547304,25 anos ou mais,Especialização,498.0
3547304,Total,Mestrado,62.0
3547304,18 a 24 anos,Mestrado,16.0
3547304,25 anos ou mais,Mestrado,46.0
3547304,Total,Doutorado,43.0
3547304,18 a 24 anos,Doutorado,
3547304,25 anos ou mais,Doutorado,43.0
