municipio,pessoas,grupo_idade,nivel_instrucao
3505708,316473,Todas as idades,Total
3509205,92689,Todas as idades,Total
3510609,386984,Todas as idades,Total
3522505,232297,Todas as idades,Total
3525003,118045,Todas as idades,Total
3534401,728615,Todas as idades,Total
3539103,18370,Todas as idades,Total
3547304,154105,Todas as idades,Total
3505708,236879,Total,Total
3505708,31596,18 a 24 anos,Total
3505708,205283,25 anos ou mais,Total
3505708,41563,Total,Sem instrução e fundamental incompleto
3505708,1574,18 a 24 anos,Sem instrução e fundamental incompleto
3505708,39989,25 anos ou mais,Sem instrução e fundamental incompleto
3505708,31436,Total,Fundamental completo e médio incompleto
3505708,5862,18 a 24 anos,Fundamental completo e médio incompleto
3505708,25574,25 anos ou mais,Fundamental completo e médio incompleto
3505708,111820,Total,Médio completo e superior incompleto
3505708,21440,18 a 24 anos,Médio completo e superior incompleto
3505708,90381,25 anos ou mais,Médio completo e superior incompleto
3505708,52060,Total,Superior completo
3505708,2720,18 a 24 anos,Superior completo
3505708,49340,25 anos ou mais,Superior completo
3509205,69108,Total,Total
3509205,9909,18 a 24 anos,Total
3509205,59199,25 anos ou mais,Total
3509205,14009,Total,Sem instrução e fundamental incompleto
3509205,372,18 a 24 anos,Sem instrução e fundamental incompleto
3509205,13636,25 anos ou mais,Sem instrução e fundamental incompleto
3509205,8741,Total,Fundamental completo e médio incompleto
3509205,1433,18 a 24 anos,Fundamental completo e médio incompleto
3509205,7308,25 anos ou mais,Fundamental completo e médio incompleto
3509205,33276,Total,Médio completo e superior incompleto
3509205,7074,18 a 24 anos,Médio completo e superior incompleto
3509205,26202,25 anos ou mais,Médio completo e superior incompleto
3509205,13082,Total,Superior completo
3509205,1029,18 a 24 anos,Superior completo
3509205,12053,25 anos ou mais,Superior completo
3510609,292769,Total,Total
3510609,42194,18 a 24 anos,Total
3510609,250575,25 anos ou mais,Total
3510609,77390,Total,Sem instrução e fundamental incompleto
3510609,3279,18 a 24 anos,Sem instrução e fundamental incompleto
3510609,74111,25 anos ou mais,Sem instrução e fundamental incompleto
3510609,46201,Total,Fundamental completo e médio incompleto
3510609,7364,18 a 24 anos,Fundamental completo e médio incompleto
3510609,38837,25 anos ou mais,Fundamental completo e médio incompleto
3510609,126237,Total,Médio completo e superior incompleto
3510609,27322,18 a 24 anos,Médio completo e superior incompleto
3510609,98916,25 anos ou mais,Médio completo e superior incompleto
3510609,42941,Total,Superior completo
3510609,4229,18 a 24 anos,Superior completo
3510609,38711,25 anos ou mais,Superior completo
3522505,170529,Total,Total
3522505,25685,18 a 24 anos,Total
3522505,144844,25 anos ou mais,Total
3522505,45540,Total,Sem instrução e fundamental incompleto
3522505,1686,18 a 24 anos,Sem instrução e fundamental incompleto
3522505,43854,25 anos ou mais,Sem instrução e fundamental incompleto
3522505,28983,Total,Fundamental completo e médio incompleto
3522505,5451,18 a 24 anos,Fundamental completo e médio incompleto
3522505,23532,25 anos ou mais,Fundamental completo e médio incompleto
3522505,80042,Total,Médio completo e superior incompleto
3522505,17174,18 a 24 anos,Médio completo e superior incompleto
3522505,62868,25 anos ou mais,Médio completo e superior incompleto
3522505,15964,Total,Superior completo
3522505,1374,18 a 24 anos,Superior completo
3522505,14590,25 anos ou mais,Superior completo
3525003,88769,Total,Total
3525003,13175,18 a 24 anos,Total
3525003,75593,25 anos ou mais,Total
3525003,20320,Total,Sem instrução e fundamental incompleto
3525003,690,18 a 24 anos,Sem instrução e fundamental incompleto
3525003,19630,25 anos ou mais,Sem instrução e fundamental incompleto
3525003,12241,Total,Fundamental completo e médio incompleto
3525003,2137,18 a 24 anos,Fundamental completo e médio incompleto
3525003,10104,25 anos ou mais,Fundamental completo e médio incompleto
3525003,42209,Total,Médio completo e superior incompleto
3525003,9178,18 a 24 anos,Médio completo e superior incompleto
3525003,33030,25 anos ou mais,Médio completo e superior incompleto
3525003,13999,Total,Superior completo
3525003,1170,18 a 24 anos,Superior completo
3525003,12829,25 anos ou mais,Superior completo
3534401,564103,Total,Total
3534401,72388,18 a 24 anos,Total
3534401,491715,25 anos ou mais,Total
3534401,120475,Total,Sem instrução e fundamental incompleto
3534401,4650,18 a 24 anos,Sem instrução e fundamental incompleto
3534401,115824,25 anos ou mais,Sem instrução e fundamental incompleto
3534401,87883,Total,Fundamental completo e médio incompleto
3534401,13174,18 a 24 anos,Fundamental completo e médio incompleto
3534401,74709,25 anos ou mais,Fundamental completo e médio incompleto
3534401,226349,Total,Médio completo e superior incompleto
3534401,45985,18 a 24 anos,Médio completo e superior incompleto
3534401,180364,25 anos ou mais,Médio completo e superior incompleto
3534401,129397,Total,Superior completo
3534401,8579,18 a 24 anos,Superior completo
3534401,120818,25 anos ou mais,Superior completo
3539103,13318,Total,Total
3539103,2084,18 a 24 anos,Total
3539103,11234,25 anos ou mais,Total
3539103,4210,Total,Sem instrução e fundamental incompleto
3539103,212,18 a 24 anos,Sem instrução e fundamental incompleto
3539103,3998,25 anos ou mais,Sem instrução e fundamental incompleto
3539103,1785,Total,Fundamental completo e médio incompleto
3539103,351,18 a 24 anos,Fundamental completo e médio incompleto
3539103,1434,25 anos ou mais,Fundamental completo e médio incompleto
3539103,5939,Total,Médio completo e superior incompleto
3539103,1349,18 a 24 anos,Médio completo e superior incompleto
3539103,4591,25 anos ou mais,Médio completo e superior incompleto
3539103,1385,Total,Superior completo
3539103,173,18 a 24 anos,Superior completo
3539103,1211,25 anos ou mais,Superior completo
3547304,114669,Total,Total
3547304,14943,18 a 24 anos,Total
3547304,99726,25 anos ou mais,Total
3547304,20660,Total,Sem instrução e fundamental incompleto
3547304,670,18 a 24 anos,Sem instrução e fundamental incompleto
3547304,19990,25 anos ou mais,Sem instrução e fundamental incompleto
3547304,12175,Total,Fundamental completo e médio incompleto
3547304,1820,18 a 24 anos,Fundamental completo e médio incompleto
3547304,10354,25 anos ou mais,Fundamental completo e médio incompleto
3547304,47163,Total,Médio completo e superior incompleto
3547304,10751,18 a 24 anos,Médio completo e superior incompleto
3547304,36412,25 anos ou mais,Médio completo e superior incompleto
3547304,34672,Total,Superior completo
3547304,1702,18 a 24 anos,Superior completo
3547304,32971,25 anos ou mais,Superior completo
