municipio,populacao,pop_25mais,superior_25mais,pop_18a24,graduacao_18a24,part_superior_25mais,taxa_graduacao_18a24,nome
3505708,316473.0,205283.0,49340.0,31596.0,4825.0,0.24035112503227252,0.15270920369667046,Barueri
3509205,92689.0,59199.0,12053.0,9909.0,1171.0,0.20360141218601666,0.11817539610455141,Cajamar
3510609,386984.0,250575.0,38711.0,42194.0,4660.0,0.15448867604509628,0.11044224297293453,Carapicuíba
3522505,232297.0,144844.0,14590.0,25685.0,1738.0,0.10072906023031676,0.06766595289079229,Itapevi
3525003,118045.0,75593.0,12829.0,13175.0,1802.0,0.16971148122180627,0.1367741935483871,Jandira
3534401,728615.0,491715.0,120818.0,72388.0,13535.0,0.24570737113978625,0.18697850472453997,Osasco
3539103,18370.0,11234.0,1211.0,2084.0,108.0,0.10779775680968488,0.05182341650671785,Pirapora do Bom Jesus
3547304,154105.0,99726.0,32971.0,14943.0,2797.0,0.33061588753183724,0.18717794284949474,Santana de Parnaíba
0,2047578.0,1338169.0,282523.0,211974.0,30636.0,0.21112654679640613,0.14452715899119703,Região (8 municípios)
