ano,area_codigo,area_nome,ingressantes,matriculas,concluintes,admissoes_superior_principal,indice_descompasso
2020,01,Educação,5655,9622,1476,1065.0,0.7215447154471545
2020,02,Artes e humanidades,736,859,120,224.0,1.8666666666666667
2020,03,"Ciências sociais, comunicação e informação",1823,3169,389,447.0,1.1491002570694087
2020,04,"Negócios, administração e direito",17918,26765,5098,7521.0,1.4752844252648096
2020,05,"Ciências naturais, matemática e estatística",336,605,59,196.0,3.3220338983050848
2020,06,Computação e Tecnologias da Informação e Comunicação (TIC),5159,6954,907,6792.0,7.488423373759647
2020,07,"Engenharia, produção e construção",2982,5473,679,597.0,0.8792341678939617
2020,08,"Agricultura, silvicultura, pesca e veterinária",10,5,0,18.0,
2020,09,Saúde e bem-estar,4713,7847,861,1870.0,2.1718931475029035
2020,10,Serviços,1263,1592,287,,
2021,01,Educação,5307,10168,1829,1358.0,0.7424822307271733
2021,02,Artes e humanidades,865,1062,124,521.0,4.201612903225806
2021,03,"Ciências sociais, comunicação e informação",1584,3402,360,735.0,2.0416666666666665
2021,04,"Negócios, administração e direito",18827,28685,5090,12776.0,2.5100196463654223
2021,05,"Ciências naturais, matemática e estatística",324,653,74,258.0,3.4864864864864864
2021,06,Computação e Tecnologias da Informação e Comunicação (TIC),5951,8489,1066,12270.0,11.51031894934334
2021,07,"Engenharia, produção e construção",2150,5182,755,1261.0,1.6701986754966887
2021,08,"Agricultura, silvicultura, pesca e veterinária",10,7,1,30.0,30.0
2021,09,Saúde e bem-estar,5301,8730,1327,2383.0,1.7957799547852298
2021,10,Serviços,1588,1873,326,,
2022,00,Programas básicos,121,100,0,,
2022,01,Educação,7498,11160,1936,2258.0,1.1663223140495869
2022,02,Artes e humanidades,1120,1326,131,501.0,3.8244274809160306
2022,03,"Ciências sociais, comunicação e informação",2181,3971,297,884.0,2.9764309764309766
2022,04,"Negócios, administração e direito",23139,30477,4574,13192.0,2.8841276781810232
2022,05,"Ciências naturais, matemática e estatística",335,653,71,372.0,5.23943661971831
2022,06,Computação e Tecnologias da Informação e Comunicação (TIC),9207,11568,1214,12319.0,10.147446457990116
2022,07,"Engenharia, produção e construção",3045,5298,782,1093.0,1.39769820971867
2022,08,"Agricultura, silvicultura, pesca e veterinária",31,18,0,26.0,
2022,09,Saúde e bem-estar,6971,9464,953,2508.0,2.631689401888772
2022,10,Serviços,1973,2102,319,,
2023,00,Programas básicos,235,270,0,,
2023,01,Educação,7051,11981,1511,2241.0,1.4831237590999338
2023,02,Artes e humanidades,1369,1677,251,409.0,1.6294820717131475
2023,03,"Ciências sociais, comunicação e informação",2361,4584,414,719.0,1.7367149758454106
2023,04,"Negócios, administração e direito",23323,35092,6194,12153.0,1.9620600581207621
2023,05,"Ciências naturais, matemática e estatística",390,740,105,309.0,2.942857142857143
2023,06,Computação e Tecnologias da Informação e Comunicação (TIC),10291,14326,1782,9775.0,5.485409652076319
2023,07,"Engenharia, produção e construção",3114,5588,791,1298.0,1.640960809102402
2023,08,"Agricultura, silvicultura, pesca e veterinária",40,33,1,16.0,16.0
2023,09,Saúde e bem-estar,6827,10885,1118,2737.0,2.4481216457960646
2023,10,Serviços,2118,2416,361,,
2024,00,Programas básicos,315,416,0,,
2024,01,Educação,7473,12990,1449,2405.0,1.6597653554175293
2024,02,Artes e humanidades,1466,1894,242,498.0,2.0578512396694215
2024,03,"Ciências sociais, comunicação e informação",2424,4969,723,936.0,1.2946058091286308
2024,04,"Negócios, administração e direito",23519,36752,6586,15546.0,2.3604615851806865
2024,05,"Ciências naturais, matemática e estatística",420,763,72,698.0,9.694444444444445
2024,06,Computação e Tecnologias da Informação e Comunicação (TIC),10414,15589,2316,10809.0,4.667098445595855
2024,07,"Engenharia, produção e construção",2976,5463,626,1294.0,2.0670926517571884
2024,08,"Agricultura, silvicultura, pesca e veterinária",67,60,1,26.0,26.0
2024,09,Saúde e bem-estar,7006,11599,1218,3102.0,2.5467980295566504
2024,10,Serviços,2160,2394,362,,
