ano,nivel_instrucao,rem_mediana,n
2020,Abaixo do médio,1755.0,84756
2020,Médio completo,1847.530029296875,301025
2020,Superior completo ou mais,5196.759765625,154773
2020,Superior incompleto,2548.76513671875,30550
2021,Abaixo do médio,1884.719970703125,88753
2021,Médio completo,1936.25,355839
2021,Superior completo ou mais,5429.78515625,181310
2021,Superior incompleto,2752.53515625,37362
2022,Abaixo do médio,2072.800048828125,91035
2022,Médio completo,2117.699951171875,383931
2022,Superior completo ou mais,6223.080078125,193356
2022,Superior incompleto,3171.760009765625,42940
2023,Abaixo do médio,2261.5048828125,88738
2023,Médio completo,2282.384765625,376562
2023,Superior completo ou mais,6113.39990234375,262419
2023,Superior incompleto,2864.81005859375,28078
2024,Abaixo do médio,2328.91,90379
2024,Médio completo,2403.3652,395684
2024,Superior completo ou mais,6305.49,279625
2024,Superior incompleto,2946.825,29274
