curso,cbo_prefixos,observacao
ANÁLISE E DESENVOLVIMENTO DE SISTEMAS,2124;3171,Analistas de TI e programadores
DESENVOLVIMENTO DE SOFTWARE MULTIPLATAFORMA,2124;3171,Analistas de TI e programadores
SISTEMAS PARA INTERNET,2124;3171,Analistas de TI e programadores
JOGOS DIGITAIS,2124;3171,Sem família própria na CBO; usa analistas e programadores
CIÊNCIA DE DADOS,2111;2112;2124,Matemáticos e estatísticos; analistas de TI (onde entra analista de dados)
SEGURANÇA DA INFORMAÇÃO,2123;2124,Administradores de TI (inclui segurança da informação) e analistas de TI
REDES DE COMPUTADORES,2123;3172;3133,Administradores de redes; técnicos de operação e de telecomunicações
GESTÃO DA TECNOLOGIA DA INFORMAÇÃO,1425;2123;2124,Gerentes de TI; administradores e analistas de TI
DESIGN DE MÍDIAS DIGITAIS,2624;2534,Designers e profissionais de mídias digitais
COMÉRCIO EXTERIOR,3543;1424,Técnicos de comércio exterior; gerentes de compras
EVENTOS,3548;1415,Técnicos em turismo e eventos; gerentes de hotelaria e alimentação
GESTÃO DE RECURSOS HUMANOS,2524;1422,Analistas e gerentes de RH
LOGÍSTICA,3421;2527;1416,Tecnólogos e analistas de logística; gerentes de logística
TRANSPORTE TERRESTRE,3421;3423;1416,Técnicos e supervisores de transporte; gerentes de logística
SECRETARIADO,2523;3515,Secretárias executivas e técnicos em secretariado
AUTOMAÇÃO INDUSTRIAL,3001;3003;3131;2021,Técnicos em mecatrônica e eletromecânica; eletrotécnicos; engenheiros mecatrônicos
MANUTENÇÃO INDUSTRIAL,3141;3144;3003,Técnicos mecânicos e de manutenção de máquinas; eletromecânica
SISTEMAS BIOMÉDICOS,1427;3132,Tecnólogo em sistemas biomédicos (CBO 1427); técnicos em eletrônica
GESTÃO FINANCEIRA,2525;2522;1421,Analistas financeiros; contadores; gerentes financeiros
GESTÃO COMERCIAL,1423;3541;3542,Gerentes e analistas comerciais; técnicos de vendas; compradores
PROCESSOS GERENCIAIS,1421;1423;2521,Gerentes administrativos e comerciais; administradores
GESTÃO PÚBLICA,1114;2521,Dirigentes do serviço público; administradores
